{"cameraMode":{"drawMode":0,"name":"Shaded","section":"Shading Mode"},"sceneLighting":true,"audioPlay":false,"sceneViewState":{"m_AlwaysRefresh":false,"showFog":true,"showSkybox":true,"showFlares":true,"showImageEffects":true,"showParticleSystems":true,"showVisualEffectGraphs":true,"m_FxEnabled":true},"in2DMode":false,"pivot":{"x":178.67367553710938,"y":144.76235961914063,"z":-146.879638671875},"rotation":{"x":-0.18582133948802949,"y":-0.05508844181895256,"z":0.010436387732625008,"w":-0.9810126423835754},"size":27.261037826538087,"orthographic":false}