{"cameraMode":{"drawMode":0,"name":"Shaded","section":"Shading Mode"},"sceneLighting":true,"audioPlay":false,"sceneViewState":{"m_AlwaysRefresh":false,"showFog":true,"showSkybox":true,"showFlares":true,"showImageEffects":true,"showParticleSystems":true,"showVisualEffectGraphs":true,"m_FxEnabled":true},"in2DMode":false,"pivot":{"x":241.84649658203126,"y":234.2637176513672,"z":184.4937286376953},"rotation":{"x":-0.047865234315395358,"y":0.06976983696222305,"z":-0.003345285076647997,"w":-0.9964265823364258},"size":484.95660400390627,"orthographic":false}